{"cameraMode":{"drawMode":0,"name":"Shaded","section":"Shading Mode"},"sceneLighting":false,"audioPlay":false,"sceneViewState":{"m_AlwaysRefresh":false,"showFog":true,"showSkybox":false,"showFlares":true,"showImageEffects":true,"showParticleSystems":true,"showVisualEffectGraphs":true,"m_FxEnabled":true},"in2DMode":false,"pivot":{"x":0.14111721515655518,"y":0.2833738327026367,"z":-0.1607363224029541},"rotation":{"x":-0.14847345650196076,"y":0.23116633296012879,"z":-0.035720426589250568,"w":-0.9608550071716309},"size":1.4918242692947388,"orthographic":false}